{
  "BM25 (filtered)": {
    "recall": 86.41304347826086,
    "faithful": 50.0,
    "relevant": 69.56521739130434
  },
  "Vector": {
    "recall": 97.79005524861878,
    "faithful": 53.591160220994475,
    "relevant": 71.27071823204419
  },
  "Hybrid": {
    "recall": 97.26775956284153,
    "faithful": 57.92349726775956,
    "relevant": 65.57377049180327
  }
}