{
  "BM25 (filtered)": {
    "recall": 90.69767441860465,
    "faithful": 53.48837209302325,
    "relevant": 65.11627906976744,
    "total": 86
  },
  "Vector": {
    "recall": 97.67441860465115,
    "faithful": 54.65116279069767,
    "relevant": 74.4186046511628,
    "total": 86
  },
  "Hybrid": {
    "recall": 96.47058823529412,
    "faithful": 71.76470588235294,
    "relevant": 76.47058823529412,
    "total": 85
  }
}