{
  "model": "meta/llama-3.1-70b-instruct",
  "scores": {
    "51bc7e280d": 0.75,
    "316180784f": 0.86,
    "664833c280": 0.67,
    "4dbd2eea47": 0.86,
    "55c0047f8b": 0.86,
    "5849afe5f6": 0.67,
    "721f9e0c29": 1.0
  },
  "mean": 0.8099999999999999,
  "count": 7,
  "timestamp": "2026-05-12T14:19:39.006768"
}